Team,Coachid,CFirstname,CLastname,Ilkid,PFirstname,PLastname
ATL,STOTTTE01,Terry,Stotts,ABDURSH01,Shareef,Abdur-rahim
ATL,STOTTTE01,Terry,Stotts,BRADLMI01,Michael,Bradley
ATL,STOTTTE01,Terry,Stotts,COLLIJA02,Jason,Collier
ATL,STOTTTE01,Terry,Stotts,CRAWFCH01,Chris,Crawford
ATL,STOTTTE01,Terry,Stotts,DAVISJO02,Josh,Davis
ATL,STOTTTE01,Terry,Stotts,DIAWBO01,Boris,Diaw
ATL,STOTTTE01,Terry,Stotts,DICKADA01,Dan,Dickau
ATL,STOTTTE01,Terry,Stotts,FULLEHI01,Hiram,Fuller
ATL,STOTTTE01,Terry,Stotts,HANSETR01,Travis,Hansen
ATL,STOTTTE01,Terry,Stotts,HENDEAL01,Alan,Henderson
ATL,STOTTTE01,Terry,Stotts,JACKSST02,Stephen,Jackson
ATL,STOTTTE01,Terry,Stotts,MOHAMNA01,Nazr,Mohammed
ATL,STOTTTE01,Terry,Stotts,NAILOLE01,Lee,Nailon
ATL,STOTTTE01,Terry,Stotts,NDIAYMA02,Mamadou,Ndiaye
ATL,STOTTTE01,Terry,Stotts,PERSOWE01,Wesley,Person
ATL,STOTTTE01,Terry,Stotts,PRZYBJO01,Joel,Przybilla
ATL,STOTTTE01,Terry,Stotts,RATLITH01,Theo,Ratliff
ATL,STOTTTE01,Terry,Stotts,REBRAZE01,Zeljko,Rebraca
ATL,STOTTTE01,Terry,Stotts,SURABO01,Bob,Sura
ATL,STOTTTE01,Terry,Stotts,TERRYJA01,Jason,Terry
ATL,STOTTTE01,Terry,Stotts,VAUGHJA01,Jacque,Vaughn
ATL,STOTTTE01,Terry,Stotts,WALLARA01,Rasheed,Wallace
BOS,CARROJO01,John,Carroll,ATKINCH01,Chucky,Atkins
BOS,CARROJO01,John,Carroll,BAKERVI01,Vin,Baker
BOS,CARROJO01,John,Carroll,BANKSMA01,Marcus,Banks
BOS,CARROJO01,John,Carroll,BARRODA01,Dana,Barros
BOS,CARROJO01,John,Carroll,BATTITO01,Tony,Battie
BOS,CARROJO01,John,Carroll,BLOUNMA01,Mark,Blount
BOS,CARROJO01,John,Carroll,BROWNKE01,Kedrick,Brown
BOS,CARROJO01,John,Carroll,DAVISRI01,Ricky,Davis
BOS,CARROJO01,John,Carroll,HUNTEBR01,Brandon,Hunter
BOS,CARROJO01,John,Carroll,JAMESMI01,Mike,James
BOS,CARROJO01,John,Carroll,JONESJU01,Jumaine,Jones
BOS,CARROJO01,John,Carroll,LAFRERA01,Raef,LaFrentz
BOS,CARROJO01,John,Carroll,MCCARWA01,Walter,McCarty
BOS,CARROJO01,John,Carroll,MIHMCH01,Chris,Mihm
BOS,CARROJO01,John,Carroll,PERKIKE01,Kendrick,Perkins
BOS,CARROJO01,John,Carroll,PIERCPA01,Paul,Pierce
BOS,CARROJO01,John,Carroll,STEWAMI01,Michael,Stewart
BOS,CARROJO01,John,Carroll,WELSCJI01,Jiri,Welsch
BOS,CARROJO01,John,Carroll,WILLIER01,Eric,Williams
BOS,OBRIEJI01,Jim,O'Brien,ATKINCH01,Chucky,Atkins
BOS,OBRIEJI01,Jim,O'Brien,BAKERVI01,Vin,Baker
BOS,OBRIEJI01,Jim,O'Brien,BANKSMA01,Marcus,Banks
BOS,OBRIEJI01,Jim,O'Brien,BARRODA01,Dana,Barros
BOS,OBRIEJI01,Jim,O'Brien,BATTITO01,Tony,Battie
BOS,OBRIEJI01,Jim,O'Brien,BLOUNMA01,Mark,Blount
BOS,OBRIEJI01,Jim,O'Brien,BROWNKE01,Kedrick,Brown
BOS,OBRIEJI01,Jim,O'Brien,DAVISRI01,Ricky,Davis
BOS,OBRIEJI01,Jim,O'Brien,HUNTEBR01,Brandon,Hunter
BOS,OBRIEJI01,Jim,O'Brien,JAMESMI01,Mike,James
BOS,OBRIEJI01,Jim,O'Brien,JONESJU01,Jumaine,Jones
BOS,OBRIEJI01,Jim,O'Brien,LAFRERA01,Raef,LaFrentz
BOS,OBRIEJI01,Jim,O'Brien,MCCARWA01,Walter,McCarty
BOS,OBRIEJI01,Jim,O'Brien,MIHMCH01,Chris,Mihm
BOS,OBRIEJI01,Jim,O'Brien,PERKIKE01,Kendrick,Perkins
BOS,OBRIEJI01,Jim,O'Brien,PIERCPA01,Paul,Pierce
BOS,OBRIEJI01,Jim,O'Brien,STEWAMI01,Michael,Stewart
BOS,OBRIEJI01,Jim,O'Brien,WELSCJI01,Jiri,Welsch
BOS,OBRIEJI01,Jim,O'Brien,WILLIER01,Eric,Williams
CHI,CARTWBI01,Bill,Cartwright,BAXTELO01,Lonny,Baxter
CHI,CARTWBI01,Bill,Cartwright,BLOUNCO01,Corie,Blount
CHI,CARTWBI01,Bill,Cartwright,BRUNSRI01,Rick,Brunson
CHI,CARTWBI01,Bill,Cartwright,CHANDTY01,Tyson,Chandler
CHI,CARTWBI01,Bill,Cartwright,CRAWFJA01,Jamal,Crawford
CHI,CARTWBI01,Bill,Cartwright,CURRYED01,Eddy,Curry
CHI,CARTWBI01,Bill,Cartwright,DAVISAN01,Antonio,Davis
CHI,CARTWBI01,Bill,Cartwright,DUPRERO01,Ronald,Dupree
CHI,CARTWBI01,Bill,Cartwright,FIZERMA01,Marcus,Fizer
CHI,CARTWBI01,Bill,Cartwright,GILLKE01,Kendall,Gill
CHI,CARTWBI01,Bill,Cartwright,HINRIKI01,Kirk,Hinrich
CHI,CARTWBI01,Bill,Cartwright,JEFFECH01,Chris,Jefferies
CHI,CARTWBI01,Bill,Cartwright,JOHNSLI01,Linton,Johnson
CHI,CARTWBI01,Bill,Cartwright,MARSHDO01,Donyell,Marshall
CHI,CARTWBI01,Bill,Cartwright,MASONRO01,Roger,MasonJr
CHI,CARTWBI01,Bill,Cartwright,PARGOJA01,Jannero,Pargo
CHI,CARTWBI01,Bill,Cartwright,PIPPESC01,Scottie,Pippen
CHI,CARTWBI01,Bill,Cartwright,ROBINED01,Eddie,Robinson
CHI,CARTWBI01,Bill,Cartwright,ROSEJA01,Jalen,Rose
CHI,CARTWBI01,Bill,Cartwright,SHIRLPA01,Paul,Shirley
CHI,CARTWBI01,Bill,Cartwright,WILLIJE01,Jerome,Williams
CHI,MEYERPE01,Pete,Meyers,BAXTELO01,Lonny,Baxter
CHI,MEYERPE01,Pete,Meyers,BLOUNCO01,Corie,Blount
CHI,MEYERPE01,Pete,Meyers,BRUNSRI01,Rick,Brunson
CHI,MEYERPE01,Pete,Meyers,CHANDTY01,Tyson,Chandler
CHI,MEYERPE01,Pete,Meyers,CRAWFJA01,Jamal,Crawford
CHI,MEYERPE01,Pete,Meyers,CURRYED01,Eddy,Curry
CHI,MEYERPE01,Pete,Meyers,DAVISAN01,Antonio,Davis
CHI,MEYERPE01,Pete,Meyers,DUPRERO01,Ronald,Dupree
CHI,MEYERPE01,Pete,Meyers,FIZERMA01,Marcus,Fizer
CHI,MEYERPE01,Pete,Meyers,GILLKE01,Kendall,Gill
CHI,MEYERPE01,Pete,Meyers,HINRIKI01,Kirk,Hinrich
CHI,MEYERPE01,Pete,Meyers,JEFFECH01,Chris,Jefferies
CHI,MEYERPE01,Pete,Meyers,JOHNSLI01,Linton,Johnson
CHI,MEYERPE01,Pete,Meyers,MARSHDO01,Donyell,Marshall
CHI,MEYERPE01,Pete,Meyers,MASONRO01,Roger,MasonJr
CHI,MEYERPE01,Pete,Meyers,PARGOJA01,Jannero,Pargo
CHI,MEYERPE01,Pete,Meyers,PIPPESC01,Scottie,Pippen
CHI,MEYERPE01,Pete,Meyers,ROBINED01,Eddie,Robinson
CHI,MEYERPE01,Pete,Meyers,ROSEJA01,Jalen,Rose
CHI,MEYERPE01,Pete,Meyers,SHIRLPA01,Paul,Shirley
CHI,MEYERPE01,Pete,Meyers,WILLIJE01,Jerome,Williams
CHI,SKILESC01,Scott,Skiles,BAXTELO01,Lonny,Baxter
CHI,SKILESC01,Scott,Skiles,BLOUNCO01,Corie,Blount
CHI,SKILESC01,Scott,Skiles,BRUNSRI01,Rick,Brunson
CHI,SKILESC01,Scott,Skiles,CHANDTY01,Tyson,Chandler
CHI,SKILESC01,Scott,Skiles,CRAWFJA01,Jamal,Crawford
CHI,SKILESC01,Scott,Skiles,CURRYED01,Eddy,Curry
CHI,SKILESC01,Scott,Skiles,DAVISAN01,Antonio,Davis
CHI,SKILESC01,Scott,Skiles,DUPRERO01,Ronald,Dupree
CHI,SKILESC01,Scott,Skiles,FIZERMA01,Marcus,Fizer
CHI,SKILESC01,Scott,Skiles,GILLKE01,Kendall,Gill
CHI,SKILESC01,Scott,Skiles,HINRIKI01,Kirk,Hinrich
CHI,SKILESC01,Scott,Skiles,JEFFECH01,Chris,Jefferies
CHI,SKILESC01,Scott,Skiles,JOHNSLI01,Linton,Johnson
CHI,SKILESC01,Scott,Skiles,MARSHDO01,Donyell,Marshall
CHI,SKILESC01,Scott,Skiles,MASONRO01,Roger,MasonJr
CHI,SKILESC01,Scott,Skiles,PARGOJA01,Jannero,Pargo
CHI,SKILESC01,Scott,Skiles,PIPPESC01,Scottie,Pippen
CHI,SKILESC01,Scott,Skiles,ROBINED01,Eddie,Robinson
CHI,SKILESC01,Scott,Skiles,ROSEJA01,Jalen,Rose
CHI,SKILESC01,Scott,Skiles,SHIRLPA01,Paul,Shirley
CHI,SKILESC01,Scott,Skiles,WILLIJE01,Jerome,Williams
CLE,SILASPA01,Paul,Silas,BATTITO01,Tony,Battie
CLE,SILASPA01,Paul,Silas,BOOZECA01,Carlos,Boozer
CLE,SILASPA01,Paul,Silas,BREMEJR01,J.R.,Bremer
CLE,SILASPA01,Paul,Silas,BROWNKE01,Kedrick,Brown
CLE,SILASPA01,Paul,Silas,CLEAVMA01,Mateen,Cleaves
CLE,SILASPA01,Paul,Silas,DAVISRI01,Ricky,Davis
CLE,SILASPA01,Paul,Silas,DIOPDE01,DeSagana,Diop
CLE,SILASPA01,Paul,Silas,ILGAUZY01,Zydrunas,Ilgauskas
CLE,SILASPA01,Paul,Silas,JAMESLE01,LeBron,James
CLE,SILASPA01,Paul,Silas,KAPONJA01,Jason,Kapono
CLE,SILASPA01,Paul,Silas,MCCOYJE01,Jelani,McCoy
CLE,SILASPA01,Paul,Silas,MCINNJE01,Jeff,Mcinnis
CLE,SILASPA01,Paul,Silas,MIHMCH01,Chris,Mihm
CLE,SILASPA01,Paul,Silas,MILESDA01,Darius,Miles
CLE,SILASPA01,Paul,Silas,NAILOLE01,Lee,Nailon
CLE,SILASPA01,Paul,Silas,NEWBLIR01,Ira,Newble
CLE,SILASPA01,Paul,Silas,OLLIEKE01,Kevin,Ollie
CLE,SILASPA01,Paul,Silas,STEWAMI01,Michael,Stewart
CLE,SILASPA01,Paul,Silas,SUNDOBR01,Bruno,Sundov
CLE,SILASPA01,Paul,Silas,WAGNEDA02,Dajuan,Wagner
CLE,SILASPA01,Paul,Silas,WILLIER01,Eric,Williams
DAL,NELSODO01,Don,Nelson,BESTTR01,Travis,Best
DAL,NELSODO01,Don,Nelson,BRADLSH01,Shawn,Bradley
DAL,NELSODO01,Don,Nelson,DANIEMA01,Marquis,Daniels
DAL,NELSODO01,Don,Nelson,DELKTO01,Tony,Delk
DAL,NELSODO01,Don,Nelson,FINLEMI01,Michael,Finley
DAL,NELSODO01,Don,Nelson,FORTSDA01,Danny,Fortson
DAL,NELSODO01,Don,Nelson,HOWARJO01,Josh,Howard
DAL,NELSODO01,Don,Nelson,JAMISAN01,Antawn,Jamison
DAL,NELSODO01,Don,Nelson,NAJERED01,Eduardo,Najera
DAL,NELSODO01,Don,Nelson,NASHST01,Steve,Nash
DAL,NELSODO01,Don,Nelson,NDIAYMA02,Mamadou,Ndiaye
DAL,NELSODO01,Don,Nelson,NOWITDI01,Dirk,Nowitzki
DAL,NELSODO01,Don,Nelson,WALKEAN01,Antoine,Walker
DAL,NELSODO01,Don,Nelson,WILLISC01,Scott,Williams
DEN,BZDELJE01,Jeff,Bzdelik,ANDERCH01,Chris,Andersen
DEN,BZDELJE01,Jeff,Bzdelik,ANTHOCA01,Carmelo,Anthony
DEN,BZDELJE01,Jeff,Bzdelik,BARRYJO01,Jon,Barry
DEN,BZDELJE01,Jeff,Bzdelik,BOWENRY01,Ryan,Bowen
DEN,BZDELJE01,Jeff,Bzdelik,BOYKIEA01,Earl,Boykins
DEN,BZDELJE01,Jeff,Bzdelik,CAMBYMA01,Marcus,Camby
DEN,BZDELJE01,Jeff,Bzdelik,DOLEAMI01,Michael,Doleac
DEN,BZDELJE01,Jeff,Bzdelik,ELSONFR01,Francisco,Elson
DEN,BZDELJE01,Jeff,Bzdelik,HILARMA01,Nene,Hilario
DEN,BZDELJE01,Jeff,Bzdelik,LENARVO01,Voshon,Lenard
DEN,BZDELJE01,Jeff,Bzdelik,MILLEAN02,Andre,Miller
DEN,BZDELJE01,Jeff,Bzdelik,POPEMA01,Mark,Pope
DEN,BZDELJE01,Jeff,Bzdelik,TREPAJE01,Jeff,Trepagnier
DEN,BZDELJE01,Jeff,Bzdelik,TSKITNI01,Nikoloz,Tskitishvili
DEN,BZDELJE01,Jeff,Bzdelik,WHITERO02,Rodney,White
DET,BROWNLA01,Larry,Brown,ATKINCH01,Chucky,Atkins
DET,BROWNLA01,Larry,Brown,BILLUCH01,Chauncey,Billups
DET,BROWNLA01,Larry,Brown,CAMPBEL01,Elden,Campbell
DET,BROWNLA01,Larry,Brown,DAVISHU01,Hubert,Davis
DET,BROWNLA01,Larry,Brown,FOWLKTR01,Tremaine,Fowlkes
DET,BROWNLA01,Larry,Brown,HAMDA01,Darvin,Ham
DET,BROWNLA01,Larry,Brown,HAMILRI01,Richard,Hamilton
DET,BROWNLA01,Larry,Brown,HUNTELI01,Lindsey,Hunter
DET,BROWNLA01,Larry,Brown,JAMESMI01,Mike,James
DET,BROWNLA01,Larry,Brown,MILICDA01,Darko,Milicic
DET,BROWNLA01,Larry,Brown,OKURME01,Mehmet,Okur
DET,BROWNLA01,Larry,Brown,PRINCTA01,Tayshaun,Prince
DET,BROWNLA01,Larry,Brown,REBRAZE01,Zeljko,Rebraca
DET,BROWNLA01,Larry,Brown,SURABO01,Bob,Sura
DET,BROWNLA01,Larry,Brown,WALLABE01,Ben,Wallace
DET,BROWNLA01,Larry,Brown,WALLARA01,Rasheed,Wallace
DET,BROWNLA01,Larry,Brown,WILLICO02,Corliss,Williamson
GSW,MUSSEER01,Eric,Musselman,BREMEJR01,J.R.,Bremer
GSW,MUSSEER01,Eric,Musselman,CARDIBR01,Brian,Cardinal
GSW,MUSSEER01,Eric,Musselman,CHEANCA01,Calbert,Cheaney
GSW,MUSSEER01,Eric,Musselman,CLAXTSP01,Speedy,Claxton
GSW,MUSSEER01,Eric,Musselman,DAMPIER01,Erick,Dampier
GSW,MUSSEER01,Eric,Musselman,DUNLEMI02,Mike,Dunleavy
GSW,MUSSEER01,Eric,Musselman,FOYLEAD01,Adonal,Foyle
GSW,MUSSEER01,Eric,Musselman,JOHNSAV01,Avery,Johnson
GSW,MUSSEER01,Eric,Musselman,JONESPO01,Popeye,Jones
GSW,MUSSEER01,Eric,Musselman,LAMPLSE01,Sean,Lampley
GSW,MUSSEER01,Eric,Musselman,LANGHDA01,Dan,Langhi
GSW,MUSSEER01,Eric,Musselman,LARUERU01,Rusty,LaRue
GSW,MUSSEER01,Eric,Musselman,MURPHTR01,Troy,Murphy
GSW,MUSSEER01,Eric,Musselman,PARKSCH01,Cherokee,Parks
GSW,MUSSEER01,Eric,Musselman,PIETRMI01,Mickael,Pietrus
GSW,MUSSEER01,Eric,Musselman,RICHAJA01,Jason,Richardson
GSW,MUSSEER01,Eric,Musselman,ROBINCL02,Cliff,Robinson
GSW,MUSSEER01,Eric,Musselman,VANEXNI01,Nick,VanExel
HOU,VANGUJE01,Jeff,VanGundy,BRAGGTO01,Torraye,Braggs
HOU,VANGUJE01,Jeff,VanGundy,CATOKE01,Kelvin,Cato
HOU,VANGUJE01,Jeff,VanGundy,FORDAL02,Alton,Ford
HOU,VANGUJE01,Jeff,VanGundy,FRANCST01,Steve,Francis
HOU,VANGUJE01,Jeff,VanGundy,GRIFFAD01,Adrian,Griffin
HOU,VANGUJE01,Jeff,VanGundy,JACKSJI01,Jimmy,Jackson
HOU,VANGUJE01,Jeff,VanGundy,JACKSMA01,Mark,Jackson
HOU,VANGUJE01,Jeff,VanGundy,MINGYA01,Yao,Ming
HOU,VANGUJE01,Jeff,VanGundy,MOBLECU01,Cuttino,Mobley
HOU,VANGUJE01,Jeff,VanGundy,NACHBBO01,Bostjan,Nachbar
HOU,VANGUJE01,Jeff,VanGundy,NORRIMO01,Moochie,Norris
HOU,VANGUJE01,Jeff,VanGundy,OAKLECH01,Charles,Oakley
HOU,VANGUJE01,Jeff,VanGundy,PADGESC01,Scott,Padgett
HOU,VANGUJE01,Jeff,VanGundy,PIATKER01,Eric,Piatkowski
HOU,VANGUJE01,Jeff,VanGundy,TAYLOMA01,Maurice,Taylor
HOU,VANGUJE01,Jeff,VanGundy,WEATHCL01,Clarence,Weatherspoon
HOU,VANGUJE01,Jeff,VanGundy,WILKSMI01,Mike,Wilks
IND,CARLIRI01,Rick,Carlisle,ANDERKE02,Kenny,Anderson
IND,CARLIRI01,Rick,Carlisle,ARTESRO01,Ron,Artest
IND,CARLIRI01,Rick,Carlisle,BENDEJO01,Jonathan,Bender
IND,CARLIRI01,Rick,Carlisle,BREWEJA01,Jamison,Brewer
IND,CARLIRI01,Rick,Carlisle,BREZEPR01,Primoz,Brezec
IND,CARLIRI01,Rick,Carlisle,CROSHAU01,Austin,Croshere
IND,CARLIRI01,Rick,Carlisle,FOSTEJE01,Jeff,Foster
IND,CARLIRI01,Rick,Carlisle,HARRIAL01,Al,Harrington
IND,CARLIRI01,Rick,Carlisle,JOHNSAN02,Anthony,Johnson
IND,CARLIRI01,Rick,Carlisle,JONESFR01,Fred,Jones
IND,CARLIRI01,Rick,Carlisle,JONESJA02,James,Jones
IND,CARLIRI01,Rick,Carlisle,MILLERE01,Reggie,Miller
IND,CARLIRI01,Rick,Carlisle,ONEAJE01,Jermaine,O'Neal
IND,CARLIRI01,Rick,Carlisle,POLLASC01,Scot,Pollard
IND,CARLIRI01,Rick,Carlisle,TINSLJA01,Jamaal,Tinsley
LAC,DUNLEMI01,Mike,Dunleavy,BARNEMA02,Matt,Barnes
LAC,DUNLEMI01,Mike,Dunleavy,BRANDEL01,Elton,Brand
LAC,DUNLEMI01,Mike,Dunleavy,DOOLIKE01,Keyon,Dooling
LAC,DUNLEMI01,Mike,Dunleavy,DROBNPR01,Predrag,Drobnjak
LAC,DUNLEMI01,Mike,Dunleavy,ELYME01,Melvin,Ely
LAC,DUNLEMI01,Mike,Dunleavy,HOUSEED01,Eddie,House
LAC,DUNLEMI01,Mike,Dunleavy,JARICMA01,Marko,Jaric
LAC,DUNLEMI01,Mike,Dunleavy,KAMANCH01,Chris,Kaman
LAC,DUNLEMI01,Mike,Dunleavy,LIVINRA01,Randy,Livingston
LAC,DUNLEMI01,Mike,Dunleavy,MAGGECO01,Corey,Maggette
LAC,DUNLEMI01,Mike,Dunleavy,OVERTDO01,Doug,Overton
LAC,DUNLEMI01,Mike,Dunleavy,POLYNOL01,Olden,Polynice
LAC,DUNLEMI01,Mike,Dunleavy,RICEGL01,Glen,Rice
LAC,DUNLEMI01,Mike,Dunleavy,RICHAQU01,Quentin,Richardson
LAC,DUNLEMI01,Mike,Dunleavy,SIMMOBO01,Bobby,Simmons
LAC,DUNLEMI01,Mike,Dunleavy,WANGZH01,Zhizhi,Wang
LAC,DUNLEMI01,Mike,Dunleavy,WILCOCH01,Chris,Wilcox
LAL,JACKSPH01,Phil,Jackson,BRYANKO01,Kobe,Bryant
LAL,JACKSPH01,Phil,Jackson,CARTEMA01,Maurice,Carter
LAL,JACKSPH01,Phil,Jackson,COOKBR01,Brian,Cook
LAL,JACKSPH01,Phil,Jackson,FISHEDE01,Derek,Fisher
LAL,JACKSPH01,Phil,Jackson,FOXRI01,Rick,Fox
LAL,JACKSPH01,Phil,Jackson,GEORGDE01,Devean,George
LAL,JACKSPH01,Phil,Jackson,GRANTHO01,Horace,Grant
LAL,JACKSPH01,Phil,Jackson,MALONKA01,Karl,Malone
LAL,JACKSPH01,Phil,Jackson,MEDVEST01,Stanislav,Medvedenko
LAL,JACKSPH01,Phil,Jackson,ONEASH01,Shaquille,O'Neal
LAL,JACKSPH01,Phil,Jackson,PARGOJA01,Jannero,Pargo
LAL,JACKSPH01,Phil,Jackson,PAYTOGA01,Gary,Payton
LAL,JACKSPH01,Phil,Jackson,RUSHKA01,Kareem,Rush
LAL,JACKSPH01,Phil,Jackson,RUSSEBR01,Bryon,Russell
LAL,JACKSPH01,Phil,Jackson,SAMPSJA01,Jamal,Sampson
LAL,JACKSPH01,Phil,Jackson,UDOKAIM01,Ime,Udoka
LAL,JACKSPH01,Phil,Jackson,WALTOLU01,Luke,Walton
MEM,BROWNHU01,Hubie,Brown,BATTISH01,Shane,Battier
MEM,BROWNHU01,Hubie,Brown,BELLTR01,Troy,Bell
MEM,BROWNHU01,Hubie,Brown,GASOLPA01,Pau,Gasol
MEM,BROWNHU01,Hubie,Brown,HUMPHRY01,Ryan,Humphrey
MEM,BROWNHU01,Hubie,Brown,JONESDA02,Dahntay,Jones
MEM,BROWNHU01,Hubie,Brown,MILLEMI01,Mike,Miller
MEM,BROWNHU01,Hubie,Brown,OUTLABO01,Bo,Outlaw
MEM,BROWNHU01,Hubie,Brown,PERSOWE01,Wesley,Person
MEM,BROWNHU01,Hubie,Brown,POSEYJA01,James,Posey
MEM,BROWNHU01,Hubie,Brown,SMITHTH01,Theron,Smith
MEM,BROWNHU01,Hubie,Brown,SWIFTST01,Stromile,Swift
MEM,BROWNHU01,Hubie,Brown,TSAKAIA01,Jake,Tsakalidis
MEM,BROWNHU01,Hubie,Brown,WATSOEA01,Earl,Watson
MEM,BROWNHU01,Hubie,Brown,WELLSBO01,Bonzi,Wells
MEM,BROWNHU01,Hubie,Brown,WILLIJA02,Jason,Williams
MEM,BROWNHU01,Hubie,Brown,WRIGHLO02,Lorenzen,Wright
MIA,VANGUST01,Stan,VanGundy,ALLENMA01,Malik,Allen
MIA,VANGUST01,Stan,VanGundy,ALSTORA01,Rafer,Alston
MIA,VANGUST01,Stan,VanGundy,BEASLJE01,Jerome,Beasley
MIA,VANGUST01,Stan,VanGundy,BUTLECA01,Caron,Butler
MIA,VANGUST01,Stan,VanGundy,BUTLERA01,Rasual,Butler
MIA,VANGUST01,Stan,VanGundy,COLESBI01,Bimbo,Coles
MIA,VANGUST01,Stan,VanGundy,GRANTBR01,Brian,Grant
MIA,VANGUST01,Stan,VanGundy,HASLEUD01,Udonis,Haslem
MIA,VANGUST01,Stan,VanGundy,HILLTY01,Tyrone,Hill
MIA,VANGUST01,Stan,VanGundy,JONESED01,Eddie,Jones
MIA,VANGUST01,Stan,VanGundy,ODOMLA01,Lamar,Odom
MIA,VANGUST01,Stan,VanGundy,PENNEKI01,Kirk,Penney
MIA,VANGUST01,Stan,VanGundy,WADEDW01,Dwyane,Wade
MIA,VANGUST01,Stan,VanGundy,WALKESA01,Samaki,Walker
MIA,VANGUST01,Stan,VanGundy,WALLAJO01,John,Wallace
MIA,VANGUST01,Stan,VanGundy,WANGZH01,Zhizhi,Wang
MIA,VANGUST01,Stan,VanGundy,WOODSLO01,Loren,Woods
MIL,PORTETE01,Terry,Porter,FORDTJ01,T.J.,Ford
MIL,PORTETE01,Terry,Porter,GADZUDA01,Dan,Gadzuric
MIL,PORTETE01,Terry,Porter,HAISLMA01,Marcus,Haislip
MIL,PORTETE01,Terry,Porter,JONESDA01,Damon,Jones
MIL,PORTETE01,Terry,Porter,KNIGHBR01,Brevin,Knight
MIL,PORTETE01,Terry,Porter,KUKOCTO01,Toni,Kukoc
MIL,PORTETE01,Terry,Porter,LANGHDA01,Dan,Langhi
MIL,PORTETE01,Terry,Porter,MASONDE01,Desmond,Mason
MIL,PORTETE01,Terry,Porter,PRZYBJO01,Joel,Przybilla
MIL,PORTETE01,Terry,Porter,REDDMI01,Michael,Redd
MIL,PORTETE01,Terry,Porter,SANTIDA01,Daniel,Santiago
MIL,PORTETE01,Terry,Porter,SKINNBR01,Brian,Skinner
MIL,PORTETE01,Terry,Porter,SMITHJO01,Joe,Smith
MIL,PORTETE01,Terry,Porter,STRICER01,Erick,Strickland
MIL,PORTETE01,Terry,Porter,THOMATI01,Tim,Thomas
MIL,PORTETE01,Terry,Porter,VANHOKE01,Keith,Vanhorn
MIN,SAUNDFL01,Flip,Saunders,CASSESA01,Sam,Cassell
MIN,SAUNDFL01,Flip,Saunders,EBIND01,Ndudi,Ebi
MIN,SAUNDFL01,Flip,Saunders,GARNEKE01,Kevin,Garnett
MIN,SAUNDFL01,Flip,Saunders,GOLDWAN01,Anthony,Goldwire
MIN,SAUNDFL01,Flip,Saunders,HASSETR01,Trenton,Hassell
MIN,SAUNDFL01,Flip,Saunders,HOIBEFR01,Fred,Hoiberg
MIN,SAUNDFL01,Flip,Saunders,HUDSOTR01,Troy,Hudson
MIN,SAUNDFL01,Flip,Saunders,JOHNSER01,Ervin,Johnson
MIN,SAUNDFL01,Flip,Saunders,LEWISQU01,Quincy,Lewis
MIN,SAUNDFL01,Flip,Saunders,MADSEMA01,Mark,Madsen
MIN,SAUNDFL01,Flip,Saunders,MARTIDA01,Darrick,Martin
MIN,SAUNDFL01,Flip,Saunders,MCLEOKE01,Keith,McLeod
MIN,SAUNDFL01,Flip,Saunders,MILLEOL01,Oliver,Miller
MIN,SAUNDFL01,Flip,Saunders,OLOWOMI01,Michael,Olowokandi
MIN,SAUNDFL01,Flip,Saunders,SPREWLA01,Latrell,Sprewell
MIN,SAUNDFL01,Flip,Saunders,SZCZEWA01,Wally,Szczerbiak
MIN,SAUNDFL01,Flip,Saunders,TRENTGA01,Gary,Trent
NJN,FRANKLA01,Larry,Frank,ARMSTBR01,Brandon,Armstrong
NJN,FRANKLA01,Larry,Frank,BROWNDA02,Damone,Brown
NJN,FRANKLA01,Larry,Frank,COLLIJA03,Jason,Collins
NJN,FRANKLA01,Larry,Frank,DAVISHU01,Hubert,Davis
NJN,FRANKLA01,Larry,Frank,GOLDWAN01,Anthony,Goldwire
NJN,FRANKLA01,Larry,Frank,HARRILU01,Lucious,Harris
NJN,FRANKLA01,Larry,Frank,JEFFERI01,Richard,Jefferson
NJN,FRANKLA01,Larry,Frank,KIDDJA01,Jason,Kidd
NJN,FRANKLA01,Larry,Frank,KITTLKE01,Kerry,Kittles
NJN,FRANKLA01,Larry,Frank,MARTIKE01,Kenyon,Martin
NJN,FRANKLA01,Larry,Frank,MOOREMI01,Mikki,Moore
NJN,FRANKLA01,Larry,Frank,MOURNAL01,Alonzo,Mourning
NJN,FRANKLA01,Larry,Frank,OVERTDO01,Doug,Overton
NJN,FRANKLA01,Larry,Frank,PACKRO01,Robert,Pack
NJN,FRANKLA01,Larry,Frank,PLANIZO01,Zoran,Planinic
NJN,FRANKLA01,Larry,Frank,ROGERRO01,Rodney,Rogers
NJN,FRANKLA01,Larry,Frank,SCALABR01,Brian,Scalabrine
NJN,FRANKLA01,Larry,Frank,SLAYTA01,Tamar,Slay
NJN,FRANKLA01,Larry,Frank,WILLIAA01,Aaron,Williams
NJN,SCOTTBY01,Byron,Scott,ARMSTBR01,Brandon,Armstrong
NJN,SCOTTBY01,Byron,Scott,BROWNDA02,Damone,Brown
NJN,SCOTTBY01,Byron,Scott,COLLIJA03,Jason,Collins
NJN,SCOTTBY01,Byron,Scott,DAVISHU01,Hubert,Davis
NJN,SCOTTBY01,Byron,Scott,GOLDWAN01,Anthony,Goldwire
NJN,SCOTTBY01,Byron,Scott,HARRILU01,Lucious,Harris
NJN,SCOTTBY01,Byron,Scott,JEFFERI01,Richard,Jefferson
NJN,SCOTTBY01,Byron,Scott,KIDDJA01,Jason,Kidd
NJN,SCOTTBY01,Byron,Scott,KITTLKE01,Kerry,Kittles
NJN,SCOTTBY01,Byron,Scott,MARTIKE01,Kenyon,Martin
NJN,SCOTTBY01,Byron,Scott,MOOREMI01,Mikki,Moore
NJN,SCOTTBY01,Byron,Scott,MOURNAL01,Alonzo,Mourning
NJN,SCOTTBY01,Byron,Scott,OVERTDO01,Doug,Overton
NJN,SCOTTBY01,Byron,Scott,PACKRO01,Robert,Pack
NJN,SCOTTBY01,Byron,Scott,PLANIZO01,Zoran,Planinic
NJN,SCOTTBY01,Byron,Scott,ROGERRO01,Rodney,Rogers
NJN,SCOTTBY01,Byron,Scott,SCALABR01,Brian,Scalabrine
NJN,SCOTTBY01,Byron,Scott,SLAYTA01,Tamar,Slay
NJN,SCOTTBY01,Byron,Scott,WILLIAA01,Aaron,Williams
NYK,CHANEDO01,Don,Chaney,ANDERSH01,Shandon,Anderson
NYK,CHANEDO01,Don,Chaney,BAKERVI01,Vin,Baker
NYK,CHANEDO01,Don,Chaney,DOLEAMI01,Michael,Doleac
NYK,CHANEDO01,Don,Chaney,EISLEHO01,Howard,Eisley
NYK,CHANEDO01,Don,Chaney,HARDAAN01,Anfernee,Hardaway
NYK,CHANEDO01,Don,Chaney,HARRIOT01,Othella,Harrington
NYK,CHANEDO01,Don,Chaney,HOUSTAL01,Allan,Houston
NYK,CHANEDO01,Don,Chaney,JOHNSDE03,Dermarr,Johnson
NYK,CHANEDO01,Don,Chaney,MARBUST01,Stephon,Marbury
NYK,CHANEDO01,Don,Chaney,MCDYEAN01,Antonio,Mcdyess
NYK,CHANEDO01,Don,Chaney,MOHAMNA01,Nazr,Mohammed
NYK,CHANEDO01,Don,Chaney,MUTOMDI01,Dikembe,Mutombo
NYK,CHANEDO01,Don,Chaney,NORRIMO01,Moochie,Norris
NYK,CHANEDO01,Don,Chaney,SUNDOBR01,Bruno,Sundov
NYK,CHANEDO01,Don,Chaney,SWEETMI01,Mike,Sweetney
NYK,CHANEDO01,Don,Chaney,THOMAKU01,Kurt,Thomas
NYK,CHANEDO01,Don,Chaney,THOMATI01,Tim,Thomas
NYK,CHANEDO01,Don,Chaney,TRYBACE01,Cezary,Trybanski
NYK,CHANEDO01,Don,Chaney,VANHOKE01,Keith,Vanhorn
NYK,CHANEDO01,Don,Chaney,WARDCH01,Charlie,Ward
NYK,CHANEDO01,Don,Chaney,WEATHCL01,Clarence,Weatherspoon
NYK,CHANEDO01,Don,Chaney,WILLIFR02,Frank,Williams
NYK,WILKELE01,Lenny,Wilkens,ANDERSH01,Shandon,Anderson
NYK,WILKELE01,Lenny,Wilkens,BAKERVI01,Vin,Baker
NYK,WILKELE01,Lenny,Wilkens,DOLEAMI01,Michael,Doleac
NYK,WILKELE01,Lenny,Wilkens,EISLEHO01,Howard,Eisley
NYK,WILKELE01,Lenny,Wilkens,HARDAAN01,Anfernee,Hardaway
NYK,WILKELE01,Lenny,Wilkens,HARRIOT01,Othella,Harrington
NYK,WILKELE01,Lenny,Wilkens,HOUSTAL01,Allan,Houston
NYK,WILKELE01,Lenny,Wilkens,JOHNSDE03,Dermarr,Johnson
NYK,WILKELE01,Lenny,Wilkens,MARBUST01,Stephon,Marbury
NYK,WILKELE01,Lenny,Wilkens,MCDYEAN01,Antonio,Mcdyess
NYK,WILKELE01,Lenny,Wilkens,MOHAMNA01,Nazr,Mohammed
NYK,WILKELE01,Lenny,Wilkens,MUTOMDI01,Dikembe,Mutombo
NYK,WILKELE01,Lenny,Wilkens,NORRIMO01,Moochie,Norris
NYK,WILKELE01,Lenny,Wilkens,SUNDOBR01,Bruno,Sundov
NYK,WILKELE01,Lenny,Wilkens,SWEETMI01,Mike,Sweetney
NYK,WILKELE01,Lenny,Wilkens,THOMAKU01,Kurt,Thomas
NYK,WILKELE01,Lenny,Wilkens,THOMATI01,Tim,Thomas
NYK,WILKELE01,Lenny,Wilkens,TRYBACE01,Cezary,Trybanski
NYK,WILKELE01,Lenny,Wilkens,VANHOKE01,Keith,Vanhorn
NYK,WILKELE01,Lenny,Wilkens,WARDCH01,Charlie,Ward
NYK,WILKELE01,Lenny,Wilkens,WEATHCL01,Clarence,Weatherspoon
NYK,WILKELE01,Lenny,Wilkens,WILLIFR02,Frank,Williams
ORL,DAVISJO01,Johnny,Davis,ARCHIRO01,Robert,Archibald
ORL,DAVISJO01,Johnny,Davis,BOGANKE01,Keith,Bogans
ORL,DAVISJO01,Johnny,Davis,DECLEAN01,Andrew,DeClercq
ORL,DAVISJO01,Johnny,Davis,DIALDE01,Derrick,Dial
ORL,DAVISJO01,Johnny,Davis,GAINERE01,Reece,Gaines
ORL,DAVISJO01,Johnny,Davis,GARRIPA01,Pat,Garrity
ORL,DAVISJO01,Johnny,Davis,GIRICGO01,Gordan,Giricek
ORL,DAVISJO01,Johnny,Davis,GOODEDR01,Drew,Gooden
ORL,DAVISJO01,Johnny,Davis,HARVEDO01,Donnell,Harvey
ORL,DAVISJO01,Johnny,Davis,HOWARJU01,Juwan,Howard
ORL,DAVISJO01,Johnny,Davis,HUNTEST01,Steve,Hunter
ORL,DAVISJO01,Johnny,Davis,JOHNSBR01,Britton,Johnsen
ORL,DAVISJO01,Johnny,Davis,LUETY01,Tyronn,Lue
ORL,DAVISJO01,Johnny,Davis,MCGRATR01,Tracy,McGrady
ORL,DAVISJO01,Johnny,Davis,NAILOLE01,Lee,Nailon
ORL,DAVISJO01,Johnny,Davis,PACHUZA01,Zaza,Pachulia
ORL,DAVISJO01,Johnny,Davis,PENIGDE01,Desmond,Penigar
ORL,DAVISJO01,Johnny,Davis,ROOKSSE01,Sean,Rooks
ORL,DAVISJO01,Johnny,Davis,STEVEDE01,Deshawn,Stevenson
ORL,DAVISJO01,Johnny,Davis,STRICRO01,Rod,Strickland
ORL,DAVISJO01,Johnny,Davis,WILLISH01,Shammond,Williams
ORL,RIVERDO01,Doc,Rivers,ARCHIRO01,Robert,Archibald
ORL,RIVERDO01,Doc,Rivers,BOGANKE01,Keith,Bogans
ORL,RIVERDO01,Doc,Rivers,DECLEAN01,Andrew,DeClercq
ORL,RIVERDO01,Doc,Rivers,DIALDE01,Derrick,Dial
ORL,RIVERDO01,Doc,Rivers,GAINERE01,Reece,Gaines
ORL,RIVERDO01,Doc,Rivers,GARRIPA01,Pat,Garrity
ORL,RIVERDO01,Doc,Rivers,GIRICGO01,Gordan,Giricek
ORL,RIVERDO01,Doc,Rivers,GOODEDR01,Drew,Gooden
ORL,RIVERDO01,Doc,Rivers,HARVEDO01,Donnell,Harvey
ORL,RIVERDO01,Doc,Rivers,HOWARJU01,Juwan,Howard
ORL,RIVERDO01,Doc,Rivers,HUNTEST01,Steve,Hunter
ORL,RIVERDO01,Doc,Rivers,JOHNSBR01,Britton,Johnsen
ORL,RIVERDO01,Doc,Rivers,LUETY01,Tyronn,Lue
ORL,RIVERDO01,Doc,Rivers,MCGRATR01,Tracy,McGrady
ORL,RIVERDO01,Doc,Rivers,NAILOLE01,Lee,Nailon
ORL,RIVERDO01,Doc,Rivers,PACHUZA01,Zaza,Pachulia
ORL,RIVERDO01,Doc,Rivers,PENIGDE01,Desmond,Penigar
ORL,RIVERDO01,Doc,Rivers,ROOKSSE01,Sean,Rooks
ORL,RIVERDO01,Doc,Rivers,STEVEDE01,Deshawn,Stevenson
ORL,RIVERDO01,Doc,Rivers,STRICRO01,Rod,Strickland
ORL,RIVERDO01,Doc,Rivers,WILLISH01,Shammond,Williams
PHI,AYERSRA01,Randy,Ayers,BUCKNGR01,Greg,Buckner
PHI,AYERSRA01,Randy,Ayers,COLEMDE01,Derrick,Coleman
PHI,AYERSRA01,Randy,Ayers,DALEMSA01,Samuel,Dalembert
PHI,AYERSRA01,Randy,Ayers,GREENWI01,Willie,Green
PHI,AYERSRA01,Randy,Ayers,HAMILZE01,Zendon,Hamilton
PHI,AYERSRA01,Randy,Ayers,IVERSAL01,Allen,Iverson
PHI,AYERSRA01,Randy,Ayers,JACKSMA02,Marc,Jackson
PHI,AYERSRA01,Randy,Ayers,KORVEKY01,Kyle,Korver
PHI,AYERSRA01,Randy,Ayers,MCCASAM01,Amal,McCaskill
PHI,AYERSRA01,Randy,Ayers,MCKIEAA01,Aaron,McKie
PHI,AYERSRA01,Randy,Ayers,ROBINGL01,Glenn,Robinson
PHI,AYERSRA01,Randy,Ayers,SALMOJO01,John,Salmons
PHI,AYERSRA01,Randy,Ayers,SNOWER01,Eric,Snow
PHI,AYERSRA01,Randy,Ayers,THOMAKE01,Kenny,Thomas
PHI,FORDCH01,Chris,Ford,BUCKNGR01,Greg,Buckner
PHI,FORDCH01,Chris,Ford,COLEMDE01,Derrick,Coleman
PHI,FORDCH01,Chris,Ford,DALEMSA01,Samuel,Dalembert
PHI,FORDCH01,Chris,Ford,GREENWI01,Willie,Green
PHI,FORDCH01,Chris,Ford,HAMILZE01,Zendon,Hamilton
PHI,FORDCH01,Chris,Ford,IVERSAL01,Allen,Iverson
PHI,FORDCH01,Chris,Ford,JACKSMA02,Marc,Jackson
PHI,FORDCH01,Chris,Ford,KORVEKY01,Kyle,Korver
PHI,FORDCH01,Chris,Ford,MCCASAM01,Amal,McCaskill
PHI,FORDCH01,Chris,Ford,MCKIEAA01,Aaron,McKie
PHI,FORDCH01,Chris,Ford,ROBINGL01,Glenn,Robinson
PHI,FORDCH01,Chris,Ford,SALMOJO01,John,Salmons
PHI,FORDCH01,Chris,Ford,SNOWER01,Eric,Snow
PHI,FORDCH01,Chris,Ford,THOMAKE01,Kenny,Thomas
PHO,DANTOMI01,Mike,D'Antoni,ARCHIRO01,Robert,Archibald
PHO,DANTOMI01,Mike,D'Antoni,BARBOLE01,Leandrinho,Barbosa
PHO,DANTOMI01,Mike,D'Antoni,CABARZA01,Zarko,Cabarkapa
PHO,DANTOMI01,Mike,D'Antoni,EISLEHO01,Howard,Eisley
PHO,DANTOMI01,Mike,D'Antoni,GUGLITO01,Tom,Gugliotta
PHO,DANTOMI01,Mike,D'Antoni,HARDAAN01,Anfernee,Hardaway
PHO,DANTOMI01,Mike,D'Antoni,HARVEDO01,Donnell,Harvey
PHO,DANTOMI01,Mike,D'Antoni,JACOBCA01,Casey,Jacobsen
PHO,DANTOMI01,Mike,D'Antoni,JOHNSJO02,Joe,Johnson
PHO,DANTOMI01,Mike,D'Antoni,KNIGHBR01,Brevin,Knight
PHO,DANTOMI01,Mike,D'Antoni,LAMPEMA01,Maciej,Lampe
PHO,DANTOMI01,Mike,D'Antoni,MARBUST01,Stephon,Marbury
PHO,DANTOMI01,Mike,D'Antoni,MARIOSH01,Shawn,Marion
PHO,DANTOMI01,Mike,D'Antoni,MCDYEAN01,Antonio,Mcdyess
PHO,DANTOMI01,Mike,D'Antoni,STOUDAM01,Amare,Stoudemire
PHO,DANTOMI01,Mike,D'Antoni,TRYBACE01,Cezary,Trybanski
PHO,DANTOMI01,Mike,D'Antoni,VOSKUJA01,Jake,Voskuhl
PHO,DANTOMI01,Mike,D'Antoni,WHITEJA01,Jahidi,White
PHO,DANTOMI01,Mike,D'Antoni,WILLISC01,Scott,Williams
PHO,JOHNSFR01,Frank,Johnson,ARCHIRO01,Robert,Archibald
PHO,JOHNSFR01,Frank,Johnson,BARBOLE01,Leandrinho,Barbosa
PHO,JOHNSFR01,Frank,Johnson,CABARZA01,Zarko,Cabarkapa
PHO,JOHNSFR01,Frank,Johnson,EISLEHO01,Howard,Eisley
PHO,JOHNSFR01,Frank,Johnson,GUGLITO01,Tom,Gugliotta
PHO,JOHNSFR01,Frank,Johnson,HARDAAN01,Anfernee,Hardaway
PHO,JOHNSFR01,Frank,Johnson,HARVEDO01,Donnell,Harvey
PHO,JOHNSFR01,Frank,Johnson,JACOBCA01,Casey,Jacobsen
PHO,JOHNSFR01,Frank,Johnson,JOHNSJO02,Joe,Johnson
PHO,JOHNSFR01,Frank,Johnson,KNIGHBR01,Brevin,Knight
PHO,JOHNSFR01,Frank,Johnson,LAMPEMA01,Maciej,Lampe
PHO,JOHNSFR01,Frank,Johnson,MARBUST01,Stephon,Marbury
PHO,JOHNSFR01,Frank,Johnson,MARIOSH01,Shawn,Marion
PHO,JOHNSFR01,Frank,Johnson,MCDYEAN01,Antonio,Mcdyess
PHO,JOHNSFR01,Frank,Johnson,STOUDAM01,Amare,Stoudemire
PHO,JOHNSFR01,Frank,Johnson,TRYBACE01,Cezary,Trybanski
PHO,JOHNSFR01,Frank,Johnson,VOSKUJA01,Jake,Voskuhl
PHO,JOHNSFR01,Frank,Johnson,WHITEJA01,Jahidi,White
PHO,JOHNSFR01,Frank,Johnson,WILLISC01,Scott,Williams
POR,CHEEKMA01,Maurice,Cheeks,ABDURSH01,Shareef,Abdur-rahim
POR,CHEEKMA01,Maurice,Cheeks,ANDERDE01,Derek,Anderson
POR,CHEEKMA01,Maurice,Cheeks,BOUMTRU01,Ruben,Boumtje-Boumtje
POR,CHEEKMA01,Maurice,Cheeks,CARROMA01,Matt,Carroll
POR,CHEEKMA01,Maurice,Cheeks,COOKOM01,Omar,Cook
POR,CHEEKMA01,Maurice,Cheeks,DAVISDA01,Dale,Davis
POR,CHEEKMA01,Maurice,Cheeks,DICKADA01,Dan,Dickau
POR,CHEEKMA01,Maurice,Cheeks,DICKEKA01,Kaniel,Dickens
POR,CHEEKMA01,Maurice,Cheeks,FERGUDE01,Desmond,Ferguson
POR,CHEEKMA01,Maurice,Cheeks,GILLED01,Eddie,Gill
POR,CHEEKMA01,Maurice,Cheeks,MCINNJE01,Jeff,Mcinnis
POR,CHEEKMA01,Maurice,Cheeks,MILESDA01,Darius,Miles
POR,CHEEKMA01,Maurice,Cheeks,MURRATR01,Tracy,Murray
POR,CHEEKMA01,Maurice,Cheeks,OUTLATR01,Travis,Outlaw
POR,CHEEKMA01,Maurice,Cheeks,PATTERU01,Ruben,Patterson
POR,CHEEKMA01,Maurice,Cheeks,PERSOWE01,Wesley,Person
POR,CHEEKMA01,Maurice,Cheeks,RANDOZA01,Zach,Randolph
POR,CHEEKMA01,Maurice,Cheeks,RATLITH01,Theo,Ratliff
POR,CHEEKMA01,Maurice,Cheeks,STEPAVL01,Vladimir,Stepania
POR,CHEEKMA01,Maurice,Cheeks,STOUDDA01,Damon,Stoudamire
POR,CHEEKMA01,Maurice,Cheeks,VRANESL01,Slavko,Vranes
POR,CHEEKMA01,Maurice,Cheeks,WALLARA01,Rasheed,Wallace
POR,CHEEKMA01,Maurice,Cheeks,WELLSBO01,Bonzi,Wells
POR,CHEEKMA01,Maurice,Cheeks,WOODSQY01,Qyntel,Woods
SAC,ADELMRI01,Rick,Adelman,BIBBYMI01,Mike,Bibby
SAC,ADELMRI01,Rick,Adelman,BUFORRO01,Rodney,Buford
SAC,ADELMRI01,Rick,Adelman,CHRISDO01,Doug,Christie
SAC,ADELMRI01,Rick,Adelman,DIVACVL01,Vlade,Divac
SAC,ADELMRI01,Rick,Adelman,JACKSBO01,Bobby,Jackson
SAC,ADELMRI01,Rick,Adelman,MASSETO01,Tony,Massenburg
SAC,ADELMRI01,Rick,Adelman,MILLEBR01,Brad,Miller
SAC,ADELMRI01,Rick,Adelman,PEELEAN01,Anthony,Peeler
SAC,ADELMRI01,Rick,Adelman,SMITHJA01,Jabari,Smith
SAC,ADELMRI01,Rick,Adelman,SONGADA01,Darius,Songaila
SAC,ADELMRI01,Rick,Adelman,STOJAPR01,Predrag,Stojakovic
SAC,ADELMRI01,Rick,Adelman,WALLAGE01,Gerald,Wallace
SAC,ADELMRI01,Rick,Adelman,WEBBECH01,Chris,Webber
SAS,POPOVGR01,Gregg,Popovich,BOWENBR01,Bruce,Bowen
SAS,POPOVGR01,Gregg,Popovich,BROWNDE02,Devin,Brown
SAS,POPOVGR01,Gregg,Popovich,CARROMA01,Matt,Carroll
SAS,POPOVGR01,Gregg,Popovich,CARTEAN01,Anthony,Carter
SAS,POPOVGR01,Gregg,Popovich,DUNCATI01,Tim,Duncan
SAS,POPOVGR01,Gregg,Popovich,GARCIAL01,Alex,Garcia
SAS,POPOVGR01,Gregg,Popovich,GINOBEM01,Emmanuel,Ginobili
SAS,POPOVGR01,Gregg,Popovich,HARTJA01,Jason,Hart
SAS,POPOVGR01,Gregg,Popovich,HEALSH01,Shane,Heal
SAS,POPOVGR01,Gregg,Popovich,HORRYRO01,Robert,Horry
SAS,POPOVGR01,Gregg,Popovich,MERCERO01,Ron,Mercer
SAS,POPOVGR01,Gregg,Popovich,NESTERA01,Radoslav,Nesterovic
SAS,POPOVGR01,Gregg,Popovich,PARKETO01,Tony,Parker
SAS,POPOVGR01,Gregg,Popovich,ROSEMA01,Malik,Rose
SAS,POPOVGR01,Gregg,Popovich,TURKOHI01,Hidayet,Turkoglu
SAS,POPOVGR01,Gregg,Popovich,WARDCH01,Charlie,Ward
SAS,POPOVGR01,Gregg,Popovich,WILLIKE01,Kevin,Willis
SEA,MCMILNA01,Nate,McMillan,ALLENRA02,Ray,Allen
SEA,MCMILNA01,Nate,McMillan,BARRYBR01,Brent,Barry
SEA,MCMILNA01,Nate,McMillan,BOOTHCA01,Calvin,Booth
SEA,MCMILNA01,Nate,McMillan,DANIEAN01,Antonio,Daniels
SEA,MCMILNA01,Nate,McMillan,EVANSRE01,Reggie,Evans
SEA,MCMILNA01,Nate,McMillan,FRAHMRI01,Richie,Frahm
SEA,MCMILNA01,Nate,McMillan,JAMESJE01,Jerome,James
SEA,MCMILNA01,Nate,McMillan,LEWISRA01,Rashard,Lewis
SEA,MCMILNA01,Nate,McMillan,MURRARO01,Ronald,Murray
SEA,MCMILNA01,Nate,McMillan,POTAPVI01,Vitaly,Potapenko
SEA,MCMILNA01,Nate,McMillan,RADMAVL01,Vladimir,Radmanovic
SEA,MCMILNA01,Nate,McMillan,RIDNOLU01,Luke,Ridnour
SEA,MCMILNA01,Nate,McMillan,SESAYAN01,Ansu,Sesay
SEA,MCMILNA01,Nate,McMillan,SMITHLE01,Leon,Smith
TOR,ONEILKE01,Kevin,O'Neill,ARCHIRO01,Robert,Archibald
TOR,ONEILKE01,Kevin,O'Neill,BATEEME01,Mengke,Bateer
TOR,ONEILKE01,Kevin,O'Neill,BAXTELO01,Lonny,Baxter
TOR,ONEILKE01,Kevin,O'Neill,BLOUNCO01,Corie,Blount
TOR,ONEILKE01,Kevin,O'Neill,BOSHCH01,Chris,Bosh
TOR,ONEILKE01,Kevin,O'Neill,BRADLMI01,Michael,Bradley
TOR,ONEILKE01,Kevin,O'Neill,BRUNSRI01,Rick,Brunson
TOR,ONEILKE01,Kevin,O'Neill,CARTEVI01,Vince,Carter
TOR,ONEILKE01,Kevin,O'Neill,CURRYMI01,Michael,Curry
TOR,ONEILKE01,Kevin,O'Neill,DAVISAN01,Antonio,Davis
TOR,ONEILKE01,Kevin,O'Neill,GLOVEDI01,Dion,Glover
TOR,ONEILKE01,Kevin,O'Neill,JEFFECH01,Chris,Jefferies
TOR,ONEILKE01,Kevin,O'Neill,MARSHDO01,Donyell,Marshall
TOR,ONEILKE01,Kevin,O'Neill,MASONRO01,Roger,MasonJr
TOR,ONEILKE01,Kevin,O'Neill,MOISOJE01,Jerome,Moiso
TOR,ONEILKE01,Kevin,O'Neill,MURRALA01,Lamond,Murray
TOR,ONEILKE01,Kevin,O'Neill,PALACMI01,Milt,Palacio
TOR,ONEILKE01,Kevin,O'Neill,PARGOJA01,Jannero,Pargo
TOR,ONEILKE01,Kevin,O'Neill,PETERMO01,Morris,Peterson
TOR,ONEILKE01,Kevin,O'Neill,ROSEJA01,Jalen,Rose
TOR,ONEILKE01,Kevin,O'Neill,STRICRO01,Rod,Strickland
TOR,ONEILKE01,Kevin,O'Neill,WILLIAL01,Alvin,Williams
TOR,ONEILKE01,Kevin,O'Neill,WILLIJE01,Jerome,Williams
UTA,SLOANJE01,Jerry,Sloan,ARROYCA01,Carlos,Arroyo
UTA,SLOANJE01,Jerry,Sloan,BELLRA01,Raja,Bell
UTA,SLOANJE01,Jerry,Sloan,BORCHCU01,Curtis,Borchardt
UTA,SLOANJE01,Jerry,Sloan,CLARKKE01,Keon,Clark
UTA,SLOANJE01,Jerry,Sloan,COLLIJA04,Jarron,Collins
UTA,SLOANJE01,Jerry,Sloan,GIRICGO01,Gordan,Giricek
UTA,SLOANJE01,Jerry,Sloan,GRANTPA01,Paul,Grant
UTA,SLOANJE01,Jerry,Sloan,GUGLITO01,Tom,Gugliotta
UTA,SLOANJE01,Jerry,Sloan,HANDLBE01,Ben,Handlogten
UTA,SLOANJE01,Jerry,Sloan,HARPRMA01,Matt,Harpring
UTA,SLOANJE01,Jerry,Sloan,KIRILAN01,Andrei,Kirilenko
UTA,SLOANJE01,Jerry,Sloan,LOPEZRA01,Raul,Lopez
UTA,SLOANJE01,Jerry,Sloan,MOOREMI01,Mikki,Moore
UTA,SLOANJE01,Jerry,Sloan,OSTERGR01,Greg,Ostertag
UTA,SLOANJE01,Jerry,Sloan,PAVLOAL01,Aleksandar,Pavlovic
UTA,SLOANJE01,Jerry,Sloan,RUFFIMI01,Michael,Ruffin
UTA,SLOANJE01,Jerry,Sloan,STEVEDE01,Deshawn,Stevenson
UTA,SLOANJE01,Jerry,Sloan,WILLIMA01,Maurice,Williams
WAS,JORDAED01,Eddie,Jordan,ARENAGI01,Gilbert,Arenas
WAS,JORDAED01,Eddie,Jordan,BAXTELO01,Lonny,Baxter
WAS,JORDAED01,Eddie,Jordan,BLAKEST01,Steve,Blake
WAS,JORDAED01,Eddie,Jordan,BRAGGTO01,Torraye,Braggs
WAS,JORDAED01,Eddie,Jordan,BROWNKW01,Kwame,Brown
WAS,JORDAED01,Eddie,Jordan,BUTLEMI01,Mitchell,Butler
WAS,JORDAED01,Eddie,Jordan,DIXONJU01,Juan,Dixon
WAS,JORDAED01,Eddie,Jordan,HAYESJA01,Jarvis,Hayes
WAS,JORDAED01,Eddie,Jordan,HAYWOBR01,Brendan,Haywood
WAS,JORDAED01,Eddie,Jordan,HUGHELA01,Larry,Hughes
WAS,JORDAED01,Eddie,Jordan,JEFFRJA01,Jared,Jeffries
WAS,JORDAED01,Eddie,Jordan,KNIGHBR01,Brevin,Knight
WAS,JORDAED01,Eddie,Jordan,LAETTCH01,Christian,Laettner
WAS,JORDAED01,Eddie,Jordan,STACKJE01,Jerry,Stackhouse
WAS,JORDAED01,Eddie,Jordan,THOMAET01,Etan,Thomas
WAS,JORDAED01,Eddie,Jordan,WHITEJA01,Jahidi,White
WAS,JORDAED01,Eddie,Jordan,WHITNCH01,Chris,Whitney
